[{"id":"976","field_id":3,"fields":[{"id":"0","type":"name","label":"Name","format":"simple","description":"","required":"1","size":"large","simple_placeholder":"Your name*","simple_default":"","first_placeholder":"","first_default":"","middle_placeholder":"","middle_default":"","last_placeholder":"","last_default":"","label_hide":"1","css":""},{"id":"1","type":"email","label":"Email","description":"","required":"1","size":"large","placeholder":"Your email*","confirmation_placeholder":"","label_hide":"1","default_value":"","css":""},{"id":"2","type":"textarea","label":"Message","description":"","required":"1","size":"medium","placeholder":"Your message*","label_hide":"1","css":""}],"settings":{"form_title":"Contact Form","form_desc":"","form_class":"","submit_text":"Submit","submit_text_processing":"Sending...","submit_class":"","honeypot":"1","notification_enable":"1","notifications":{"1":{"email":"{admin_email}","subject":"New Entry: Contact Form","sender_name":"{field_id=\"0\"}","sender_address":"{admin_email}","replyto":"{field_id=\"1\"}","message":"{all_fields}"}},"confirmations":{"1":{"type":"message","message":"\u003Cp\u003EThanks for contacting us! We will be in touch with you shortly.\u003C\/p\u003E","message_scroll":"1","page":"19","redirect":""}}},"meta":{"template":"contact"}}]