{"blog-single-post-structure":["single-title-meta","single-image"],"blog-single-width":"default","blog-single-max-width":1100,"blog-single-meta":["comments","category","author"],"blog-post-structure":["image","title-meta"],"blog-width":"default","blog-max-width":1200,"blog-post-content":"excerpt","blog-meta":["comments","category","author"],"text-color":"#222222","link-color":"#fb2056","theme-color":"#fb2056","link-h-color":"#fb2056","footer-bg-obj-responsive":{"desktop":{"background-color":"#191919","background-image":"","background-repeat":"repeat","background-position":"center center","background-size":"auto","background-attachment":"scroll"},"tablet":{"background-color":"","background-image":"","background-repeat":"repeat","background-position":"center center","background-size":"auto","background-attachment":"scroll"},"mobile":{"background-color":"","background-image":"","background-repeat":"repeat","background-position":"center center","background-size":"auto","background-attachment":"scroll"}},"footer-color":"#d3d3d3","footer-link-color":"#fb2056","footer-link-h-color":"#fb2056","footer-adv-bg-obj-responsive":{"desktop":{"background-color":"","background-image":"","background-repeat":"repeat","background-position":"center center","background-size":"auto","background-attachment":"scroll"},"tablet":{"background-color":"","background-image":"","background-repeat":"repeat","background-position":"center center","background-size":"auto","background-attachment":"scroll"},"mobile":{"background-color":"","background-image":"","background-repeat":"repeat","background-position":"center center","background-size":"auto","background-attachment":"scroll"}},"footer-adv-text-color":"","footer-adv-link-color":"","footer-adv-link-h-color":"","footer-adv-wgt-title-color":"","button-color":"#ffffff","button-h-color":"#ffffff","button-bg-color":"#fb2056","button-bg-h-color":"#fb2056","theme-button-padding":{"desktop":{"top":"17","right":"40","bottom":"17","left":"40"},"tablet":{"top":"","right":"","bottom":"","left":""},"mobile":{"top":"","right":"","bottom":"","left":""},"desktop-unit":"px","tablet-unit":"px","mobile-unit":"px"},"button-radius":30,"theme-button-border-group-border-size":{"top":"","right":"","bottom":"","left":""},"footer-sml-layout":"footer-sml-layout-1","footer-sml-section-1":"custom","footer-sml-section-1-credit":"123 Fifth Avenue, NY 10160, New York, USA  |  Phone: 800-123-456  |  Email: contact@example.com","footer-sml-section-2":"custom","footer-sml-section-2-credit":"Copyright \u00a9 [current_year] Outdoor Adventure ","footer-sml-dist-equal-align":true,"footer-sml-divider":0,"footer-sml-divider-color":"#7a7a7a","footer-layout-width":"content","ast-header-retina-logo":"http:\/\/iqrforhumanity.com\/wp-content\/uploads\/2020\/08\/logo@2x.png","ast-header-logo-width":"","ast-header-responsive-logo-width":{"desktop":"120","tablet":"","mobile":"100"},"display-site-title":false,"display-site-tagline":false,"logo-title-inline":false,"disable-primary-nav":false,"header-layouts":"header-main-layout-1","header-main-rt-section":"button","header-display-outside-menu":false,"header-main-rt-section-html":"<button class=\"customBtn\">Take Action<\/button>","header-main-rt-section-button-text":"Take Action","header-main-rt-section-button-link":"#","header-main-rt-section-button-link-option":{"url":"#","new_tab":false,"link_rel":""},"header-main-rt-section-button-style":"theme-button","header-main-rt-section-button-text-color":"","header-main-rt-section-button-back-color":"","header-main-rt-section-button-text-h-color":"","header-main-rt-section-button-back-h-color":"","header-main-rt-section-button-padding":{"desktop":{"top":"10","right":"26","bottom":"10","left":"26"},"tablet":{"top":"","right":"","bottom":"","left":""},"mobile":{"top":"","right":"","bottom":"","left":""},"desktop-unit":"px","tablet-unit":"px","mobile-unit":"px"},"header-main-rt-section-button-border-size":{"top":"","right":"","bottom":"","left":""},"header-main-sep":0,"header-main-sep-color":"","header-main-layout-width":"content","primary-submenu-border":{"top":"2","right":"0","bottom":"0","left":"0"},"primary-submenu-item-border":false,"primary-submenu-b-color":"","primary-submenu-item-b-color":"","primary-header-button-font-family":"inherit","primary-header-button-font-weight":"inherit","primary-header-button-font-size":{"desktop":"","tablet":"","mobile":"","desktop-unit":"px","tablet-unit":"px","mobile-unit":"px"},"primary-header-button-text-transform":"","primary-header-button-line-height":1,"primary-header-button-letter-spacing":"","header-main-menu-label":"","header-main-menu-align":"inline","header-main-submenu-container-animation":"fade","mobile-header-breakpoint":"","mobile-header-logo":"","mobile-header-logo-width":"","site-layout":"ast-full-width-layout","site-content-width":1200,"site-layout-outside-bg-obj-responsive":{"desktop":{"background-color":"","background-image":"","background-repeat":"repeat","background-position":"center center","background-size":"auto","background-attachment":"scroll"},"tablet":{"background-color":"","background-image":"","background-repeat":"repeat","background-position":"center center","background-size":"auto","background-attachment":"scroll"},"mobile":{"background-color":"","background-image":"","background-repeat":"repeat","background-position":"center center","background-size":"auto","background-attachment":"scroll"}},"site-content-layout":"boxed-container","single-page-content-layout":"default","single-post-content-layout":"default","archive-post-content-layout":"default","body-font-family":"'Noto Sans', sans-serif","body-font-variant":"400,700","body-font-weight":"400","font-size-body":{"desktop":"16","tablet":"","mobile":"15","desktop-unit":"px","tablet-unit":"px","mobile-unit":"px"},"body-line-height":"1.7","para-margin-bottom":"","body-text-transform":"","headings-font-family":"'Montserrat', sans-serif","headings-font-weight":"700","headings-text-transform":"","headings-line-height":"","font-size-site-title":{"desktop":"22","tablet":"","mobile":"20","desktop-unit":"px","tablet-unit":"px","mobile-unit":"px"},"font-size-site-tagline":{"desktop":"15","tablet":"","mobile":"14","desktop-unit":"px","tablet-unit":"px","mobile-unit":"px"},"font-size-entry-title":{"desktop":30,"tablet":"","mobile":"","desktop-unit":"px","tablet-unit":"px","mobile-unit":"px"},"font-size-archive-summary-title":{"desktop":40,"tablet":"","mobile":"","desktop-unit":"px","tablet-unit":"px","mobile-unit":"px"},"font-size-page-title":{"desktop":"30","tablet":"","mobile":"","desktop-unit":"px","tablet-unit":"px","mobile-unit":"px"},"font-size-h1":{"desktop":"64","tablet":"44","mobile":"30","desktop-unit":"px","tablet-unit":"px","mobile-unit":"px"},"font-size-h2":{"desktop":"40","tablet":"32","mobile":"24","desktop-unit":"px","tablet-unit":"px","mobile-unit":"px"},"font-size-h3":{"desktop":"24","tablet":"","mobile":"","desktop-unit":"px","tablet-unit":"px","mobile-unit":"px"},"font-size-h4":{"desktop":"20","tablet":"","mobile":"19","desktop-unit":"px","tablet-unit":"px","mobile-unit":"px"},"font-size-h5":{"desktop":"18","tablet":"","mobile":"16","desktop-unit":"px","tablet-unit":"px","mobile-unit":"px"},"font-size-h6":{"desktop":"15","tablet":"","mobile":"15","desktop-unit":"px","tablet-unit":"px","mobile-unit":"px"},"site-sidebar-layout":"right-sidebar","site-sidebar-width":30,"single-page-sidebar-layout":"default","single-post-sidebar-layout":"default","archive-post-sidebar-layout":"default","footer-adv":"disabled","footer-adv-border-width":"","footer-adv-border-color":"#7a7a7a","mobile-header-toggle-btn-style":"fill","hide-custom-menu-mobile":false,"mobile-header-toggle-target":"icon","transparent-header-logo":"http:\/\/iqrforhumanity.com\/wp-content\/uploads\/2020\/08\/white-logo.png","transparent-header-retina-logo":"http:\/\/iqrforhumanity.com\/wp-content\/uploads\/2020\/08\/white-logo@2x.png","different-transparent-logo":true,"different-transparent-retina-logo":true,"transparent-header-logo-width":{"desktop":"","tablet":"","mobile":""},"transparent-header-enable":false,"transparent-header-disable-archive":true,"transparent-header-disable-latest-posts-index":1,"transparent-header-on-devices":"desktop","transparent-header-main-sep":0,"transparent-header-main-sep-color":"#ffffff","transparent-header-bg-color":"","transparent-header-color-site-title":"","transparent-header-color-h-site-title":"","transparent-menu-bg-color":"","transparent-menu-color":"","transparent-menu-h-color":"","transparent-submenu-bg-color":"","transparent-submenu-color":"","transparent-submenu-h-color":"","transparent-header-bg-color-responsive":{"desktop":"","tablet":"#ffffff","mobile":"#ffffff"},"transparent-header-color-site-title-responsive":{"desktop":"#ffffff","tablet":"#ffffff","mobile":""},"transparent-header-color-h-site-title-responsive":{"desktop":"","tablet":"","mobile":""},"transparent-menu-bg-color-responsive":{"desktop":"rgba(255,255,255,0)","tablet":"#ffffff","mobile":"#ffffff"},"transparent-menu-color-responsive":{"desktop":"#ffffff","tablet":"#000000","mobile":"#fb2056"},"transparent-menu-h-color-responsive":{"desktop":"#fb2056","tablet":"#fb2056","mobile":"#000000"},"transparent-submenu-bg-color-responsive":{"desktop":"","tablet":"","mobile":""},"transparent-submenu-color-responsive":{"desktop":"","tablet":"","mobile":""},"transparent-submenu-h-color-responsive":{"desktop":"","tablet":"","mobile":""},"transparent-content-section-text-color-responsive":{"desktop":"","tablet":"","mobile":""},"transparent-content-section-link-color-responsive":{"desktop":"","tablet":"","mobile":""},"transparent-content-section-link-h-color-responsive":{"desktop":"","tablet":"","mobile":""},"breadcrumb-font-family":"inherit","breadcrumb-font-weight":"inherit","breadcrumb-text-transform":"","breadcrumb-text-color-responsive":{"desktop":"","tablet":"","mobile":""},"breadcrumb-active-color-responsive":{"desktop":"","tablet":"","mobile":""},"breadcrumb-hover-color-responsive":{"desktop":"","tablet":"","mobile":""},"breadcrumb-separator-color":{"desktop":"","tablet":"","mobile":""},"breadcrumb-bg-color":{"desktop":"","tablet":"","mobile":""},"breadcrumb-spacing":{"desktop":{"top":"","right":"","bottom":"","left":""},"tablet":{"top":"","right":"","bottom":"","left":""},"mobile":{"top":"","right":"","bottom":"","left":""},"desktop-unit":"px","tablet-unit":"px","mobile-unit":"px"},"h1-color":"","h2-color":"","h3-color":"","h4-color":"","h5-color":"","h6-color":"","font-family-h1":"inherit","font-weight-h1":"inherit","text-transform-h1":"uppercase","line-height-h1":"","font-family-h2":"inherit","font-weight-h2":"inherit","text-transform-h2":"uppercase","line-height-h2":"1.4","font-family-h3":"inherit","font-weight-h3":"inherit","text-transform-h3":"","line-height-h3":"","font-weight-button":"700","font-family-button":"inherit","font-size-button":{"desktop":"14","tablet":"","mobile":"","desktop-unit":"px","tablet-unit":"px","mobile-unit":"px"},"text-transform-button":"uppercase","theme-btn-line-height":1,"theme-btn-letter-spacing":"","header-main-rt-section-search-box-type":"slide-search","below-header-section-2-search-box-type":"slide-search","below-header-section-1-search-box-type":"slide-search","above-header-section-1-search-box-type":"slide-search","above-header-section-2-search-box-type":"slide-search","astra-addon-auto-version":"2.5.1","theme-auto-version":"2.5.1","headings-font-variant":"","footer-bg-obj":{"background-color":"#191919","background-image":"","background-repeat":"repeat","background-position":"center center","background-size":"auto","background-attachment":"scroll"},"button-v-padding":17,"button-h-padding":34,"mobile-header-toggle-btn-style-color":"","header-main-rt-trans-section-button-text-color":"rgba(255,255,255,0.9)","header-main-rt-trans-section-button-back-color":"rgba(255,255,255,0)","transparent-header-disable-page":false,"header-main-rt-trans-section-button-text-h-color":"#ffffff","header-main-rt-trans-section-button-back-h-color":"#fb2056","header-main-rt-trans-section-button-border-size":{"top":"2","right":"2","bottom":"2","left":"2"},"header-main-rt-trans-section-button-border-color":"rgba(255,255,255,0.9)","header-main-rt-trans-section-button-border-h-color":"#fb2056","header-main-rt-trans-section-button-padding":{"desktop":{"top":"8","right":"22","bottom":"8","left":"22"},"tablet":{"top":"","right":"","bottom":"","left":""},"mobile":{"top":"","right":"","bottom":"","left":""},"desktop-unit":"px","tablet-unit":"px","mobile-unit":"px"},"transparent-header-disable-index":true,"transparent-header-disable-posts":true,"wc-header-cart-header-colors":false,"shop-quick-view-stick-cart":true,"_astra_pb_compatibility_completed":true,"submenu-open-below-header":false,"is_addon_queue_running":true,"heading-base-color":"#222222","different-retina-logo":true,"is_astra_addon_queue_running":false,"ele-default-color-typo-setting-comp":false,"is_theme_queue_running":false,"gtn-full-wide-image-grp-css":false,"gtn-full-wide-grp-cover-css":false}